review_id,stars
KCJ4ut0cDYB1kzaEW3Bccg,4.524990646359328
7zLcfqOLZwqkPnzF9MbFBg,4.001570270269086
YSgvru--0NVPDkfxBrzlMw,4.001040220620136
M6jz9Y5Reb-eopAQJyclvw,3.9379016926513137
J47ubJS9wYGXI-rKjg1xEQ,3.9166614832352304
H8HUqpBt1gz4tOPW9nfRsw,3.982474847980878
Fg-UH4rHCqp8Iz0SOdDJQQ,3.9912447832545244
08SEKYSHhcZJIs_mvrI7BQ,3.9244014973184425
uD4rsP5TWpX14R2ajvHsYA,3.9412056280047914
O9twvCXU4Bs_OC4Eoxnnow,4.012671728310803
UHMz-EmjXg1lMPcSQ7NOEA,3.9331135534179986
9mauYeMulv6n-xfFUQehgQ,3.9404931295687833
gN-APAyl_OPOHSvrj7W0bw,4.1716851408780515
C89KpWMoez_l_LTDWO0JHw,3.9471310979893346
P2oyn5xWOTnUfnJZaeoFDQ,3.935823005358561
8FnzvlallfpZ0Zti8GjBIw,4.487774550646399
34GyY8aYmIgP8ZJv3OxMMQ,3.980999706875463
Vmews_PmA92QwroHByMWJQ,3.9696527309920007
oAYu0_FmSYOY-goYdSMFbQ,3.9408659678854563
BP1FO3x-NERqLbzv27fCVQ,4.122241301175208
TOq-Ca2uDx9uvO2SjXUIJw,4.512105508214341
96rJ8iH7rsJrqKfMykSr_w,3.915320105497896
gGSWwB9We-fWV4gnIb45vw,4.168657439308674
10gcC5X9g8l7gszin3C2Qw,3.9589733497267354
5_Mn8VwQonRAINq7UJmMQg,4.092198426290433
BP58Z38eTf0Ugo4aDi-qHg,3.9365009794278225
d52sXxpQK4E60LP6LQvCdQ,3.9473255292058145
JmBIiJC-Xsy40ECz_lLqzw,3.9334558153801824
TtwrgiOp3mlY4Yjj5_XD-Q,3.9690717190825073
Pxzl3JidZIyx8Jg88FrjPQ,4.180998398151676
CgliCfFDgBkRyriytnDu_Q,3.9117294113384564
HD5pv1_D4drwMC4Zt8MHng,4.155843654807259
wvJLIeoqWk_UlKkGpXrkmQ,3.9465761589070074
b8ImoB8mk02kPNN7ldCwnQ,3.9719759083068107
RSfvxaSvFBM6XgxtaNCH3g,4.1065559601647355
JRCdCDIqtoauqKiVKY56-w,3.980220278976647
p3Pt7c3BiILMrNl5SRN76w,3.9659533436834553
chGpfuolEwwLbhyfopV4ZQ,3.9475815978326083
VFGHKZau95IxC-QXX-B9mw,4.148969668437003
KnE7YX9HO8u6OxelnjFXIQ,4.022565174967631
kEYEqY1Qs-W3Ise4XDiIdQ,3.9942012150343515
IAiCfCCf6O-vEligOmmt-w,3.956517402590735
UdVTNUHj2TrIGrLLTd1d3A,4.515904499977813
obFEaym7zUme5wUg-DT4ug,4.020746436415962
bPApG-jCr8_aeKp-g49dmA,4.517655526433253
b4HsCDAL_OwRmTMGUPScCQ,4.088357022076773
EmfarUZCqIwfAjGpK_WvHg,3.9800620146159233
mcDiFZHG0JjPLmuttZ-OQA,3.912900434438217
EZSs2nl5DIsr84-pooZf8Q,4.007233083311951
0PHMIjigflgw8Mf3wsm5Dg,3.934152281100313
I3m9HCy3OLJnxFVxqHxH9Q,3.961704611465737
lP32I68MHLowL7h15PR53g,4.104752391088157
8MP4HG-Fn4m0m5QcVE5jBQ,4.519579953780304
JBMFihcD0Z1SxWiAZQS6VA,3.952017147764566
_hSQtLEpEYNp-KEUBPDioQ,3.9473107331136714
FwIgg2dh_LKp-atW3psTIg,3.9346676269989795
BznVzX7uS3kIluQFk4Vovw,4.0147333889104235
GFkgulA9PmRx-iJVPTSaDQ,3.95558950857553
PFkOdKStiqsq8_Dcd5RLPg,4.054021606734365
gy4cT6D0YoDcn3bd4UqpLA,4.281029018580193
4e9lr4pPZ6hCJpc4BsfrjQ,3.957540001519824
RDkQL0yjJvilDF1ivhyg1w,3.9240937433504417
xmoduS6XqYJM8TAZkRek0A,3.956123395173008
u3u36-b7JYP4CJHhUtCkjg,3.9723806461874593
Y2rdn9bUYQkgTqNWpPCU9w,4.021903642352122
CYKYVUpKZpDXQGi9g5AMaQ,4.069985972234617
JUIm0A4QiLSwnNqvbrLcRg,3.938175341191089
fhuKMerYj0dt0ecCEQeYnw,3.9152400045114364
JcEJMAHPgh9fg5Jqp8O9ZA,3.9132128860014594
GQsBfCq_ok2X_iZdZ5SSjw,4.0814536170829605
MZcROBqSmNsa40pWtzZ3hg,3.9170714665362123
m17Z91xbFo4lz2349aJmIA,3.941184715707036
NgzmLgq7QdKAkR4MmcejfQ,4.020205946605282
q1pmhlUoTSeZPsG5679oGw,4.16830223561929
PcN_eLjrUN96OA2OWgpmnQ,3.934463516608217
liBJhf6vTE7wboyCCVP0ug,3.935998476524177
u4HKgJQoIYYHu46iRuSP5w,4.516934670129014
mP6TtHAmMxl8OWJRCCy8hQ,4.180588123030928
gCnBTBttlkS722-2voqiVw,3.950156503814811
awC6PqFXQB7ep26wn8rWYw,3.949782609365756
NpBzGPeXPR2ANtWyYtJ6Nw,3.936675979645792
lzemmSQMfDd54jfkavKoUQ,3.9386955333820444
FogV07pSw9kMZH62VimJJA,4.07416130570074
xT1EovOtjY43VTdxoYixfQ,3.907693590140153
k4enOAhmfKdGmmHQAc_DQw,3.934568463045066
XclH6D-Ib5ibTB8mIGJVgg,4.014787010712777
bVW2wbw2KmGQ061LWNedFQ,4.067412822264051
10AzF5PyEwk-zBIjVpTnUA,4.133890491301739
WJRwb2PJE1ZdnG_PmBiovw,3.9701380775764563
J_bCGOs-OGENYSHUfjYiBg,3.918763932318319
B1HO_r-lOA93Py6W_ngclw,4.148299410747036
edj99-QPRxVctHwaAHmWcQ,3.9612151906128537
z_EKknZBeSnOWrhOaZa_LQ,3.9401927900968725
npCcD0Oo55_0__n_rgQnJQ,3.933955233840776
ZyFRBvfx5v_JcAKM28y_Mw,3.9181553625978993
yrWvWeAmw_I1NqY56RfSoQ,3.9740648104333274
gx9kOlJXxc9WBq6na6gVgQ,4.037656458991178
Fj98SOIQ3qwUUAx2fMPVdg,3.9440562077645707
dy6sZve8F5Eq7qUZyDnl_w,3.939155119958341
Z2kBQIbmt8NvlZMdAR1qmQ,3.957989468651826
ALnPFsFMeR1FQxipjWp1PA,4.265591324669545
afyBXkR5VAV3nZsybmem7Q,3.9921980786324274
RVYgtrEM-gfwyD8jYg20iw,4.111458740178958
xFgwSclWJrT02S9CZTBMBA,3.956841513249328
aL2JVg0LQDx5CbQz4vod9A,3.9196122824341804
_ME_81x6EhaOM8BAFOohHw,3.932158868146761
9cS66_E91DfnqC8uI_q2rw,3.952588025275877
JVOztA2Tfi2wbTAoyN9qUw,4.067389531929156
BeT8jzyQKfh5k4TMzBH10g,3.9557394064454985
N8XTpM6qD4g8w4eiIqP_bg,3.951534739302461
9dFrch_eVjbn8kdkAER4fw,3.951882604674572
gQFJoCghh0CIn-ci17EZnw,3.9591212076512576
oTO3_0EZOK8XghRdZxprVw,4.006713449256676
B-f-me_ch5bkOs_vuYVCtA,3.9503402520585107
TD69H8Z7HSfxmN9Fmp4gwA,3.982080629655306
7bsRHxyMQdRVYDNfojYruw,3.9810306302366576
0JdapXqZjImRRi0kmB0SDg,3.9504128379621233
QOfsqsUD7Mo2yKS5Hj2_7A,4.241104694838995
4QPcq1E5zpCOD6hi-QEtOA,4.168666213971588
koxZcPXgSTvfjkbsvrDD6Q,3.9617841552755344
1dshSNmv6pK5O2L1OUAU5Q,4.2886670346499205
f1cpHcuYPe11spfqsdXuJA,3.9358627564814537
8jMf7DRVQC_Obm1ilUKvfA,3.9360743711265282
Yoy587PslVqsuRU7D_2bVA,3.9625203316129594
fY7zuuQE_vT8oNf0nZvyFQ,4.001059096544935
0ZjsGh-FFEUD6VgLgX69SQ,3.940085844333963
YFp-tM5dd3dBcSlypH8IzQ,3.9939544843519195
28WsAvTBRR4bVVUkEC-18A,4.003269364478744
Reljs1U5ZY4abY3bKgfd7A,3.9602659141315826
cGI3w8JmSTEFhZLPYkaBRA,3.907036849210953
Y6-S0Gl_ck5Ywjjlw4BLWA,4.007476203629406
lteUIOqbU_w1DqdAcYcF9w,3.943751782261089
awKPMZwNsbGikj1unSLB6w,3.934658150943145
qVoJ2mH9j7qa8YElhSihEA,3.932635632669168
id_3BKYxAR_5pwer-_RjwA,3.9791792338802874
gJTzeYMA_PoKHEhitOgIqg,3.964876440336771
xpzET2IaL_vgMzqKdyPpJA,3.918625711364549
J7VVa8n6xrJO-k83gIeGyA,4.0104698615172065
rrKM00uhI8TWUyw1xATjmw,3.9541886633042354
9aCwalpIEGLDZSalL1zPNw,4.027428053945911
uAKM124a0XWkWIADbhw0AQ,3.925927740278745
pSL1IzWDk_WECGmSiivASg,3.9557622195320863
6kaerYHmVwOQw2x6yEv4pQ,4.031462387133991
A7nYW4dKD-WPJKrvOWhyBA,4.00938997349015
8g9GYwyKKb1qnDePSxGQxQ,3.9364891850196386
bLjxTbDwuxZM3iSaZLMQEg,3.941408987846996
WhQv5uPmgpIql6KkJgoptg,3.950487009255563
VIrLaGg73OqSfummPXKpug,4.052230114937841
041tUNfM2eDnSDTiFmptZw,3.970497711523801
S0j3Da1-MUQXSPK87pBHvQ,3.9512021606950554
Q3ROZzEtfjf0JK9RWqJCBg,3.939723518610619
1eMCkijJW37q1lyY1vIvCw,3.93407950205707
h1krPrDS2fnJyspkMa6S9A,4.356135045342882
LK5tvcGhyZzENmNZKk7f6g,4.116964082347191
nCXp_6PkaAvyxXSwf1b3WQ,4.001189846985967
uEh13YNa8mh8pI7b1Pr59w,3.913355279511106
ZSe8hrm5Arde6Qe2FCtNcQ,4.011242237404955
ddrSBDASvQwsd5Z1pG1DIA,3.9431930186435755
SvT1tB7ZPtv0AsrWaCfcNw,4.005515723847568
VSEUidKWZBMAd-ns8rbvOQ,4.094857867966722
n5XfwAL9D0_0z1xrw_ekZw,3.9177926417464994
CXsuh2JpYXwNknec7SVlPw,3.9383124768731226
fDFsH7_MQm8_WnXue5iumQ,3.934240947264033
uNlltRMSDbslr8jmOLQ2SQ,3.934714040817097
0OEFtPuIKfTgtOOJdZHvZA,4.255406588656574
QgndsU2rqFzQEGSqgIK6NA,4.002230447896622
Izil6w4FGnSAW2K9qkSKQQ,3.93461269331724
929EQ8JdlvU7L3mq7LCpxg,4.163321658978656
KR6mFl66x6WyEKHFMXsdjw,3.954025169390993
_ALr8My_vM3se4MuhZErrw,4.262509382373978
7Vj20dRu31INtrvFTvtnmQ,3.8974583362984014
8d6mhHx1Epw1unv9b1v-VA,3.933647719327765
9MLDd1P47U0o9IkrF3sPSQ,3.9284673826336096
DqYGz8eO4o6T61SgSZ0NfQ,3.933205224807833
5SkWMtWF6Hu-8VkD2fWVAg,4.088039184885993
IcNn4VsOwV6_N2cZ0UCGZA,4.057446812226761
3mmBMme-OXt-DVcSfCyUqg,3.9592651490080124
0hiP3FGairTC7sUExQcS2g,3.934352296769361
Hkmo-9GH7KLjHRKTheJ0gg,3.927098869696956
PLI3JMV0VidtoPB8hhaL8A,3.953930760073438
KIBstjMThW0yPBY77AUzPw,3.9525369336599745
V177lg1rOe0BNPYLdOuxig,3.9469583330554254
TBeh6onm6bFPBFhJQEmMWw,4.048292556505115
o9_AJtC-EPGW98MaDo_1qA,3.9254042290617748
0tPhwEEwiZHoYM_VP6_ROQ,3.9442871042067114
06hHIvivlQsJXsW8GsWX0g,4.003580506767302
eWXviWScBPWc9FNWOh_qBw,3.9587390617546796
ldYHj68ZDwqC3qhoJHhDTQ,3.9879337619631916
-uZBY2PGuFoBqkMbj5a10w,3.9768670038108698
ZrZuBXbcR-X6TTbA5yKpug,3.933988567391031
6q0_hdeRFKJgjdRmC1nJuw,3.9340777754930225
2B9m7ucQ2lMsjvYvS1kx7g,3.9106414006904173
0HANaWqaXa8dm1ZXINTBcw,3.992583403965017
v5AGZj4dvSvj_gxCX7miOQ,3.98929874808828
MKmmUBaOi807xdsC33rB0g,4.425350796117313
fM_rohNnbSBiOesL1QqLxQ,3.959929351886016
ev8C8CkQsoSpvg9-yrD1oA,4.0364342255584145
us0DUO16OFto7BLxNK9eTw,3.9254042290617748
lZmo9yqpNh4gTq2n7wDwcg,4.18326271961858
w46F3SmC_m3A848MNF0ENg,3.941726663445651
BAJJq6q1jx70yU0PBy8wMg,3.971263409870801
o3YcbJhPbadZ0HV2cmwQzQ,4.168859293617428
dYpQj9zE8R3JAswclFdWcQ,3.929410786883116
B_ILAA4zM9e0THgSss6N3g,4.089834627593797
9xUQLp12hdaWaz54Cm3OXg,4.014559782552311
Dnt8Ek_jpTyL5R1MZyBO6A,4.024293417371936
wmkuBpzaoggDTWdi2bvJYA,3.9489048921499386
mbOLJp6ZjacdosrNz-Rgdw,4.132177272300512
LQo6ZE_M691c-z51nPnBUw,4.028578734207939
hWtZN3UDSt4DCBVB3f6G6g,3.9815904459223432
MChILv2fgjKO2Dm_9GfXwQ,4.004264631931839
WJtdFFHvC8_NV-_g3Y801g,4.155702112307888
EuRFzcl3n5qRcVK-gdKWWg,3.9140287475203106
pv5ZJjryLICYXIb1xwgBpg,4.002826411609001
fJUqM9CNCm9LoT8_amouuA,4.023442004183199
_Mq-TVwm3n-zWMlgB7KX1w,3.9444682141850307
LusYnw73U4xoZ5sz8w6X2g,3.980042512184921
HWLIab7lMluaGgHlQUl1mQ,3.9362182125883716
q3zbtw6eQH5uny3YhieeBQ,4.199678336153377
aFcuvFP66x4zInvSwEoHSg,4.142486037153588
GI37CzyAV4ls2KA6UqNfYg,3.9187595844406564
_RBJqmEY_3HMQ3liCt2itQ,4.068656896662804
m8KvOa0RKO4jRDT0ugCfqA,4.032606321485781
S9jRlvVwSwe-B33QHqQYOw,4.113414705559897
6rlekDm5ewqp2OARRNK5dA,3.934222132325531
u5QWtTqfAN9vn6msNjhoIg,3.9160581283097744
BxUwDkbMo5SyqYKKa7MVwA,3.959601474210565
Mi_82NrN36fjiwa_bbandA,3.950282493070713
Om3vSi639AhXdNyRyELkZw,3.9381457871074517
whbfMO3svvCj8LavjeQQMg,3.9794654229619417
A_uTLSqqpczL-HCfaqx2Tw,4.0164541137450644
o-eRQ_48pVtOcJfjrvn6ew,3.9508692516771697
cImRznqZ4nFKJ4_3Q3b0WA,3.94817081060295
yxCUXYwaynfjEhHoDx3IfA,4.006459278751612
-nt1Xd2wQX4Ruk9Dclj8IA,4.0119721277924425
xg6qACSfWCU8_orTmeiHqw,3.942677120990177
rLaz7j-kkVcPkD1z_MZ9sw,3.992846162606894
o_EN_bGH-uwmIj_TfLyYhA,4.0188636794619
1w1Mt4_fYNX4LfIin7eREQ,3.9524955978453513
ywmjXGUygoE8Ma_Z6_Mh6A,4.0077336919898165
txpxLnD7bJ7sQpZFD26StA,3.983021715740589
1We1l__b86veO4RBt3sm-Q,3.948509579031641
W98vJuCDwGq8vrgyFjlhvQ,3.953444468106243
aEbodt2ctXM_ZCIKhqk1Gw,3.934988530206129
soCT5233JeCj2V4lHqR9cA,3.945560628457047
bl4IRAFKIYlbeu81LtiZIQ,3.931370371931113
R4gpBsDZFQtnRYGLFgiCYg,3.976293972981211
GUjVKBexgsKozKX5uVgj_w,4.169849718478687
JpzUJTkWTXd_4yNuQ3pHkQ,3.914152416153041
fOmTlZn3mQAZdjRsok142Q,4.151406049220389
7T4nH_2gR4zaSdT546Cnuw,4.0195460959096625
OrZf7FDzSoj85H5nPXU4sw,4.061074977665233
yzlZh9f8C0q-YOeMiWmqzQ,3.9600423770076483
TfkRsUs5VnLFBTz9OvtBFQ,4.077588370757797
4xZPj6mHA_bZmCQ84FTAdA,3.9431935214785283
lpbSGz8nf0A813lUrRsc2A,3.9715381840698223
8NbO9mbXBm7xfsgVyCzkhw,4.011751786264051
isT9EMhso2_lxKgZJ0OV2g,3.9626000122421305
5WMWvs4-_hgmYoF6QIQZhg,3.9402514811296707
Bc7GrqBLA6wgpAQhoP4wGA,3.9234873250888787
Czvz76xIIJI5PmqChl-SoA,3.939620444977723
axfyJoK5XhmHULvi_0SYEg,4.27234015558675
E1q03VuHrACWaf_q2Xo_pA,3.9921984830189206
QmGsGyCB87f3dt7IfwI16Q,4.223847452656239
KxjyEwHxoScwYxiv3WyTlQ,3.9366655163959763
4T2vxmAq3fM9apyA0GM5NA,3.9203830120959307
8n6GpLHLo9nrmEy0yEjeRA,3.9796064690438224
JP4jBZGZG9Bz4zhUnOiDpg,3.9340141851954074
702WljDFlLRUh5HG8UT4lg,3.9701844868009544
Q6iIGTKZrFKmZsLBNnkfYw,3.9934040942271354
ZFsyB0HGpjE0KLiRlVTLtw,4.018021651845207
DwbCiwdsAIqucvVABFCPLA,3.9614611340978474
3I-c6T2YTI1LbHMUICDS7w,4.151521167381939
VCGkzZV3tpymwknMKh2gIg,3.9488008130540897
ltGYOTHVr_4Sc6qd5wDwAQ,4.41259421315586
dOnkIV9ccmxuf7Wth87s_g,3.9338623907998467
vpjUCbw6l67nHd5h381Zbw,4.008859750215422
2oVU6IaRD6U7up3hMcJb8g,3.938909091615191
DFZeAUL5aiG3zukwdFsrVg,4.037012303275526
Zgd4An2qW4eqH6IMkd5eLw,3.9692749595250225
LBE2iehDT2gls22C1hyOfA,4.082219028707882
tz4Eg0WPXok_jFwLK2umwQ,4.006175290271423
o5Igrtl8SSPNBkZlDkq76g,3.928519171170885
zfes3pIMxVkDGRQ9E2MxiA,4.109936564981105
MgHQsByN_MmKIoPnigsHuA,3.959653057628821
rLTLomTZx9EC8AgMMa4-cA,3.9506984130714704
o1iUMMy3iTVc8j95dBpzUg,3.9530742430495156
NKLkoLxXsDnrp9PKWklBZA,4.0621980796750385
03xmlAErCE-mYsNEJxhz-Q,4.011825660575455
A4LH1t9CoYCcroc0wmVHfQ,4.032192789403916
vs4HwRYcWMGXIf59znkpeA,3.9991360865713323
tzyeXVkZXr06_MR0fq1Kag,4.524350636986497
CtEpH7YRNFryZxs3bJ2Usw,3.9518216943683155
GWdMbqIEBZ0GIR9uJN2nTg,3.985838749675738
0YZHd4FyZiriNE4qIWZ0-g,3.941573842591137
SAOpgGmcPHirQ2c3fXa8HQ,3.9435017344975547
CVjHHPFxaZAWNmxf0iw8vQ,4.004739919173818
PoTqah39mTUwxLmGb27Jcg,3.9545482642781593
xrUpGtPD7wc956bSQ9Q01g,4.183522242924745
rZYtcXmOYoi65J7pRxOZAQ,3.936832304320776
vXuPdO2xLAbKBl_Gyss--A,3.9751769165332442
yrTKioLqSmlXCo4qMlIlSw,3.986717914329345
8_ZJclsuZMe9hL5dKhW6EQ,4.1865521788394835
Si1lCrCUBpGfDn4efHyncw,4.023127508366835
DhG2gfjXZfZ_qF-EstTl3g,3.9689386616042124
OhYalgHYXsHnbEw6hUK_yg,3.9302896236933353
VKr3wmZ2bnxN3g52bglbkw,3.950453648844777
_FnW4OYms2oZxHPrfFt2xA,4.017813604482126
kkC4vHM0aIyPMZ79mXEBcA,3.994467718282897
rr4GcsxWOJAnf_W_86VIWA,3.947417639343829
nfKo4uBOeMNWh7tXtbymzw,4.038247022274775
PwkgD4wYtJQ9Cj4E_oPk9Q,4.015151404283917
JzoDsvKUVZaXi8l1UeIGFw,4.029301581033111
Y2cdjNJDQNmQaS8ipiBMQA,3.932483875194416
UWZaKBXhBNhSBvWWcVfnIw,4.013610329180011
c28pJLFhlkAjk8AvtWiwiQ,3.9604208231672557
d3FlqRtsgrKQ6Gl6Wa6aHQ,3.9663930056761227
AJKS0aDk_yii0KMBGg_6fA,3.9723745236594277
RlyLoYsKGiBZyb31owi4Fg,4.268866734954265
geXpxLREjvYp96DZkbSBeQ,4.089210027931624
QGP2K9pXc3tCP2AJY-UvsQ,3.913631138490868
NITkhOG-Z4qBsTnyS197sQ,3.991790000116989
8db0Kd-jiquBoH0ZziVaRA,3.942310526418381
8kDJLqoN0_gsc_H400JXgg,3.952468088458456
6bwWbSmKauaWnFdhsoeFzg,4.053401210187653
p68Wje7oQsVU1bgwFRupeQ,3.9340405926689748
N0GFTxSiSfTKnwdV5erTMw,3.9501355225253656
so7h26dAkFpSJEYeOzuROg,3.9120770952646913
IMvDFqcd8tXD3IEhFgSzLA,3.9925406151260763
VO46-5Dh2DWilGnnasTXXw,3.986207343653409
UabYj3jUCWVBRryo2cQjRw,4.040111867409932
2Y9SasfaTpObyr2lDKsJVA,3.943738732466793
IAlf4b2ObvHHexMiLkhG3g,3.964801295755537
qp907gPmGxXJyFW9-ypbhQ,3.938557604884993
ugfGtqDQ4wVGZxnP0FTl2Q,3.940237447823305
gdsxdT95TP6kYbYAGJQd8w,3.9312749769157964
FV0tex-2S79wAmL09gMe7w,3.986900459655809
hD44U6k1ByLO9jmkpP447w,3.953111864648557
xHJJ_XDmszkzePWtiBDRZQ,3.9457632035729517
USX9Np4AtCI0FgYfSWutYA,3.953540908406876
c9eAeL3mAO1t1apgxbbvxA,3.933046104035002
PuHTzylvdIjcBUcECWjQPA,4.293266164091892
s2NiLcdffwRrSpVlGeTh6A,3.9192686873702547
fwf-77YBtJTbvHeZyY0X6Q,3.9564407993931683
uZM7I-U5cX8SvdgwX_Agvg,3.9347281466892428
4QzmbATT7wVvl7ruLI5igA,3.9465527239344316
3YY7iaXdmo0iBiOQMl8HOQ,4.023762671447374
dHNNt6JWO_AoJgsFgJhsWQ,3.9403161277485257
_vVCbRpbGtktCO89QVhzXw,3.940383280310756
Slt3Eudds8b1vW6qAQLnRA,3.99700035822277
mK0pxJCxNie2VqoeizPLKw,4.5638947120474604
Pnw26xdkVtrZgSuaqksqJA,3.9984435246621457
oylo0fEhjMWLi-prBqVN6Q,3.961080698394416
MFjXa0Icf86fOsJ5eOKcEQ,3.9446632317193644
3-XTWmndFc3kU-A6Dpq2tA,4.012054402305751
IYTn9owzFc0LCabyU4M7Rg,4.155344643534836
SpMjxJ_tKavMvHWeT2Rbeg,4.023937803713147
KW2KcCWb92owtsa7KMDafQ,3.9314091164457956
RUYYB0X3T-idgRj3vKsucg,3.947441896320478
hdoNuw1Jm3f2dYVZufDtqw,4.062446587596123
-kht2_CY0oEeBNgiUyY0aA,3.9350500361520684
U38e2qWEXagNQ8i46BTEWA,4.02658611681301
Pyr23_BWe8OpNbrtRYOfCA,3.9127628542149737
SP4kD4Tkmbtryf0Tumapyg,4.035017471800634
uW4Yi1bRpxa-e_Y0nUfs5w,3.9957983540757214
dkyWZ6diw7jwK6X3ydzqSQ,3.880283042554673
klyy3SR841h7cYTvZD0Wbw,3.987234608471617
Nxu3CXyAropTdhHlil-cHA,3.987874640932533
5N44TVnYEWon2jJaPuYsZA,4.022185494799741
XVWf6bkACQgjKgILOeK0AQ,3.9848174980452202
3LfqzeRC_wQlEjn1G8FcXQ,4.028085883070646
UMx-uIM3jiCyK2zQsRQ4ow,4.001966856258349
o21DkUIo68DJrtSZ5-TggA,4.024719759137288
x00WKKP72_lklYsjxnkw5A,4.010957861105145
pLo1-x_IqhzV2A81b7Q45g,3.936737002171008
ohAZ5CVPHNE5ATmg9a5pgA,3.995796872803729
ZRvJDvfjHrET1MJYIRnJqg,3.866973122874393
IOFyN-MP8YlP-4JIH9kfOg,3.8902965513728653
mc1AJVEjIha7NoNPhj0olA,4.176478729451871
d3Lvm509tHoGwm5k3pSOLw,3.9421676953877176
BQEcqvQmlk1EUQuRV7RjhA,4.076590538333548
RkThNFU1BeqhYtnmQENPZg,3.9092324821990645
fS_fIfWdNm67z-CMKN24ZQ,3.963408918134619
uwq4WgkJ0pm32U-bdZrQRQ,3.977442366564845
M6FUiLKYLQGculiGAkD4_g,4.356235460676917
Gp8ZBcnxJ3TViSVLLGyJLg,3.980065002907043
GFPP9GWQKa72fnEZMJ4EPg,4.080009805626234
7f6vbfE2T_sm1CGQtlgCLQ,3.977982437606899
GJ9QczDWi79OLJI3xCVSpg,4.129708604914483
TJx7zIuf9Ni6Umco_CA9Aw,4.525005327021526
iLnRf5mRhj9vRSh5fnbr1g,3.927900155161646
5YwYS2EW7ggHss1FZU66MA,4.057271178602536
sk4C0mENzIjNbx3Bd28tJw,3.9493932060534145
n486lcLUh1o0rXXAMTnNtw,4.009887036782761
em63c_pMGUCGkHlTx6i7Pw,3.882108863845633
c_zeGE0dESB8BpTAu2VaIg,3.9293093050784575
qrcRcI0BPDpWXawbyFt77A,4.002134005394046
dZGC_afqAE7MVfbdBlB0EQ,3.914956307325545
QYSYoBWqywp0Q9REHtFb8Q,3.933952587152691
OWixL-IQCpYu76g7t4QwJg,4.180034391657782
aHZMFM3A-JfHvedrkkdpGQ,3.9574612994448235
U8bwP4n5OUV3EzNObiUHaA,4.010715278570836
MC9Z2MNlbM2_IHB0druW5w,3.9306826246123476
e9liZL_7l3mSoGLSAOGoHw,3.9765044799263425
9LIywgWLBQbo32i-nCIrTw,4.101415518298119
2KfEsnq81BB6kI-i21R73A,3.9817686530485363
zskexshd-kOoPCdonWHeBA,4.348843519446508
EXsK6WzIb_M0SDc3cVd7Zw,3.9723920416558625
jxGuwenQ1Z4vgStVaspQmA,4.262574696701201
Rokrq5l3SOzc_iTOvG_S8w,3.936693800980905
cgMnNyY4hsnkJJphplh9Iw,3.93397675735155
-OsO4XMpzmvQJbDyTLRZuw,4.01859651176423
CbcGZr0ER2D3Z35TD4RVPA,3.9930026270235586
4JnjSErWpJ0IiWzL3fdVGg,3.946441304625471
8Hgqu9-GFZMjykcdd-YBxg,4.057855930636635
ooeKLCQbrdMVvedVHl7WQQ,3.945256319934783
gWthnpHVo5vxZhM8aHGLMg,3.9420651736179178
WuBcDsfmk5fQ90bEnaOGHw,3.961213998539332
AYFKhuSF60e4HdqnD7-b7A,3.9502685920007754
nmwkub3HHM6aLkfaNvC4pQ,3.991797478191627
uzEMwQIngeMH8yJx2zG3lw,3.939713128703758
eRiQpV5t7t2FCv1IQf8UPA,4.370464542110004
3jTuc6oep_rdY2oKpzaVTw,3.9712565582415476
GdkY_WwJJPmR-823_Mfd0g,3.9762160066478187
A8GkKCFYsDT9foX_PGITdQ,3.901398357259448
rz9tV5vI7qhYFbnIGgWrfQ,3.984052562033557
bjI3o4nWNlz6nT-siM3qOw,4.022927644540211
NMdAX5KOX4jRXJ2zAJwuXQ,4.118723097962411
Mxamf52yXjy6_d2iZ57j5w,3.9327796382619984
nIV0rHOoMcC5sx3tLZgZ7g,4.055595792757581
-AcYTswlw-TkwHSez3RWCA,3.978528735434005
2OqFwqBZbbbz_mr1VvWKXg,4.0280908764053285
IuxdlSSBjOMqMaB5ZTzrXg,3.932204417194761
dGTgzHp7HC4vs1w-dYgOuw,4.079602072531855
iehzqQ94Kn7hGYzfgN5nTA,3.9829719169516893
rqKVJhgJ7q8SH4lwWve7cQ,3.938976055648089
9rkbSusTWBMgmJuUwx9Y0A,3.974359589528401
KCRW3cxYLx8Va2UdcaF-oQ,3.935199934022036
_pn1I41Tn9eFGdTVbKsBTA,4.017729843070477
MaBTVR2RUGbMWNz9muqqhg,4.023769098252389
Fn6ekZWIcf4IHtBKvm9CGw,3.9241320122067274
yN4amobf80KcnV6K-M5JQA,3.9756750186751675
HflwfdFcRF1vJWar7i9Bjw,3.986948162607846
oQUMGZMgFTn9ib0yGbA3aA,3.9383330612091596
B2NdgGX3NZ0Ca9O-14lgtQ,3.9060971436808836
0BAD9CX3dGaMJyTKfmE9TA,4.265267462695366
nGKyRzapmh4UQLzs2Bfsrw,3.9679826632172603
2iX5MFDtiTA9-QAcCzDfcw,4.00577455658642
biG94uK8WTzRj0VCBrdzIg,4.015076130427371
l1eXwswvKzO5zhxT4pvHOQ,3.928063446481214
YadzHu7pCyz-MOv0Ty-Epw,3.9605772950986706
9PU5lvSHRD1exCWgJEgAmQ,4.35883881856233
jCmxV62-tGWSslJUn-2ZqA,3.937548674851861
CaKpCRWp_JsbZwozU7Aeow,3.9405975687479113
D_uk0b39LXcyNjOVuXCDBA,3.9585680564174974
1k3ily5aSmT86go9Zl5PAA,4.034178535507098
N91DYc2rCqX0YXY2h0s3zQ,3.9081072884745196
x8ruCBpPx24nzpnA9JwUKg,3.9506237155539634
6J_GBO9IXpvK0s8lxfB5Qw,3.9395894066197377
8YflFIah0davxohZseZNUw,3.940902800932047
PI1DGkoLTvDtIyFwHzAabQ,3.952462018170268
8QyXEbXjcH_ESQN2jQe5Ig,3.942719022856453
4-y7MTB0ztwPCrB8HaUKqQ,3.936753837250445
I_OHITjRq7TFChWTPTCQWw,3.9350548824443585
5Ia7ShSXxLIfz_vQrg8f8Q,4.268950362252032
fw5aIxo27eecM1-Td-ljMw,3.967467276878468
vPf-3wKy7U9TKPGKfiSkfQ,3.814106268306188
bezvPKH0WZvTQHrAIvNLkQ,3.9340636887417073
YShUAi8WJeXKy9S2wHTP_g,4.291266663233167
5cLW71q48IEJr0FDGra8rg,3.962470929568088
xAbDSWo4hGxKmtWHn3UvuQ,3.9828711182192045
Z_NpSAFDomrln2cHkJQodA,3.930334341621548
hVKYu34q_q5vj-6Ekbhk4Q,3.939195303290956
WDurhg_ScDzs_ZRi8L2feg,3.9469299224255425
9JRwqUvAVL4QQzn4PP3dmw,3.9178347963313356
DHjRZ_mcHmN2afVVr7PP2Q,3.9400999717979754
6IE-ILSjSHlqwPkCWR87UA,3.936148877229098
nmrwQt82f8mp3UBpFlmh1A,3.9511613717042633
QDqfluhy5iKmBkHKdzi44g,4.007863749940388
MacZwuFcdGKA0aYY_eTo5w,4.012622282518259
vHaXFdfIEPPzYEJcCVPDHQ,4.251369568374504
j5r1viXay9FlLExLKMr2bA,3.928052761799952
ClQ3zp3nJIs6aH7Q-IN2WA,3.829279688452013
4pvbyw_rZ7ktJpsLMSGumw,4.074875141939482
lKuxwDkyEIauxqYPytaytg,4.412141590789625
8B3UAqF-hFOm0Wj-dXQ0gw,3.975944033777541
2zjN2ze_VwYMGK528lR9tw,4.129387393251343
tWeVtSZk76x_gTDlecpKWg,3.926752970636496
XiQfxh-WSA3IbZyWz3DLkA,3.9529437478943827
_Y0SgfI2BXW-D6MygcvBsQ,3.987962077549888
90EqqtnNhRT-Llm8ASvCFA,4.051988402891154
_EvM1G57NXAWGqTTDiP3Fw,4.119828954957599
gmwYkPNwjQvjw011-HKGJQ,3.9534753720532083
ycRX3L88NcAtsWniwQTPVA,3.9554735699061956
HbJ2lfkGaoYh9TMOiaKOYw,4.039727036947627
k8fte_Of0tDLhc8BpMninw,4.091245689522699
GFic6OfvYakwfF15EDbU1Q,3.942061498550366
qANh10ESbfX1LfpOufaM5A,4.004407944351839
mF179JEcXg7LXzRGzfvvEw,4.522205241523201
iyiwOVP9HMGanSat4qKEqg,4.10287731961481
mPDnxml9pbvAjOFB4GcNbw,3.9360507423572564
Jt09EcJSDqR3Nz6zn1A1JA,3.9345870775192755
bJ0935vC2T6_bOwLDeyi6w,4.157725737997338
UMX68Akj4VTu5917So2l3w,3.952860203200948
0wCuv5Lb7UofcT0U4iqSOw,3.9478158265578847
irrjzpAMM4rgryMBHGLTOw,4.008263272618206
OTPz0D_byfeHiTG9tSns1w,3.9587552315075065
VTjb2jKsGavg1mkfZCtLcA,3.973867417036809
Haox-ucEb5Pvdnn48cF5Pw,4.149749591784439
uAQ69Nt_l7QlxLDCrkOLwg,3.9409003359774073
ZwvzMoVFC94bAR45682xlA,4.043308677320934
r4dqAl5yetBdxDTq0ca2jg,3.929601063950394
Ltgk5v0xzxgrRgy7msZxug,3.95817342435813
cg9DccNpxE3zcckJxKasmA,3.9389848312493068
J8eHZ68kQFzRKpTIf7rd2A,3.968516424150174
5-J8qI80DsdEa9yJEGev3g,3.9246681148133424
89xJdVKbQ4bzwjpz1zibhQ,3.924389944698356
DxsTnlzXq4x6EU8bGrN3_w,4.064135370990668
5dTvnur-xyDU0srFof3Vmw,3.9219850281421604
qyu2Wx1eNj9uOWeA_8xUrw,4.02865669476946
WToo--8ch8ebjFQMObVHWA,3.9359865517784476
7SgyHpuiQkf0Zf1GyPlhjw,3.9579772155764363
Hoy7pbvT3VtPsvJ0a-ul-A,3.932890619865969
uWA3qH6m_jbYw-g2CRqGGQ,4.0282375957152015
2mA_esu8hJfjs5GR1lkLzw,3.9356058036175456
4gsCgOliezEM0v1fMc9uLw,3.9634762759161233
lXNHafinti_hWZc6BGSwyA,3.910953510921937
OQlDDGYliixXer9ENRlsew,4.0069770432467235
BZI-WM4qE-bmggEm056l9g,3.9310620939478964
ozSMg0eoEgqu6BlH7yVdrA,3.953062166522183
F-cEn3RIYqhhCT7OItKTCw,3.9351247336695754
AAACUUhyimn2AkyWS10O3g,3.951620127160773
ce7ch8-zj-Ge79lgZxS4Bw,3.9310713915891315
OprGn6wabglLXZMThxBjKQ,3.9342971872188084
f2Vq-KEVM-89BRVlclLsug,3.8351838709470356
zUvZPgZ0UFuexiPC_T-slw,4.092202069798302
S7bvn32bjoqDt55URz2NGA,4.054167814030874
tOvTMBPJ7Jpq-p1V7E7qDw,4.014705189308466
C67UXcopcUZxFu2_rTDP-w,3.974864163721261
QZ56LEXpCvfCsHmvLV05VQ,3.9355529329309498
DE39xE8YPNmOoDNiZqGKkA,4.409767767982875
KuDX6Lb_Q2qDQ7rGS9r2TA,3.9604911614870524
Zv81J0yxK_Ae7zBBILaj6w,3.930991931242609
IedmIDk2moeEt5PVkwG23A,3.954624445360138
0awDUPTlBDBOhMmHhat6kQ,3.9667487455126804
Jeclf0yPZ6nWmqj6Nfrm_g,4.126639997004653
GuZt9oQ7H1Cxw0x0SGRrUQ,4.107946324358856
q6Kb8rh9E4a6EisD8V0MPg,3.9432644005234345
O86z4XpR5CuetarrObFSBA,3.9522023424823076
yt8Md-T_SEQ1UG3B0B0pDg,4.0494589360960145
SMaoHMtUE6MYtB-E0Ryr3Q,3.942354077662709
YIOs3zARonvR4WdA1zLeLg,3.9782178831255077
B40bvYTrVMdcMLH_ItAaUw,3.9346472512630104
QTjy84MbGD6Lpo1-43MqIg,3.9890846824080195
q9ACLWnq8yZXtjRsT1pAew,4.019551608775948
_1MWT_vWZr51Om2gUsFB8w,3.9002563528319025
DETvEOIFuFtN2hGwdie_MQ,3.988588647873401
iNOcQ889Zefs2AZ6u6P9Sw,4.013313675572126
gTyg-H7-QAku3tBVapz8Uw,4.068623336401951
W5SvbA_A0chZOjCJ5jbi9Q,3.9371452080896434
VHZp3Lhn6CYkY4ECa-5IWw,3.9470427425717434
lE1tzgcSCYQuoHEB9oyEpA,3.903098744064817
-Q3XXJRlFwVTNeaBGLdrXA,3.9236837237382547
XyQMULYjBQ9ruV99XLDXiw,3.996553669027297
Bi21h5vxkgRbkAIbEUqVXg,3.995690651725949
qQp2WpMtbAA60WKyFRgbzg,4.016945465922504
-w4iTkef4viDkLjp2urrDg,3.9058112207303446
WR9FAjtYwfS4-FfTm66wwA,3.954742941679083
gXo2cwdVh8y47rEVw0iyDQ,3.96849842026198
bSHPJV8pDV-qSLT0gDXg5g,3.985113864123933
dJe37eTfVC8noxnDBhxZIw,4.125158297886134
rurxLbROLrGbZ9cZanA99g,3.9396833859772027
Rxc3q7UAy5yAs8LdkG8khg,3.920056494312984
tMC7nZJ8HKs2zOzTWoQbjA,4.183278647949274
HKLhsqYiQDsDyb-iZ9brmw,3.959878155851251
ZmZb1yfEB3n4X7OKl6ujog,3.9439848665104194
clGR_TYDx2v92z2NFiTSAg,4.0107678833223
56eITMtvf8lTWwgIFUMK6w,3.992590581082733
rBAvgQ9kcgVk0RMCDvLvRw,3.9567470364227666
wOjy8F3-DvOP1Z0kWSF9cQ,3.9314920951669396
-rsmkj9U4VnSimQU29eyJg,4.009492604219665
Z4gGEM-CKlEt2k31ajyidA,3.9343151540131056
0FFtY0CDL7KBwPvW6JXLxw,3.9324773278421463
qSRq1LUrQZH4Msp3Cx3oXA,4.070271899118104
DWDtvL_Dec2ONp0OsEPcYA,3.933662455903661
ozQFBW1Jk8_YqmnH_EERXw,3.9567517971608495
iSVpObRuzpbRznmi02oxTA,3.936875086037642
Lq0uf0UKtSyl-pumPbEbYw,3.932280348445693
NwqfiY62hzFIrWFnhSDVmA,3.9863763769948743
BsJeAAzQjY6700YkCK9iQw,3.9634649349652333
NGW7t3Dcdvo0jfzDdNgG5w,3.939121524189091
wj5KwvF7ip32E33g82ZzCQ,4.026480487506591
fq-go_Tdg5m8oo_FT9hVQA,3.963800804300388
8dYKS3QuKBagr9AhrlAjXw,3.936022579205121
M9aJlg4Wl9VDS3RfwNiA4g,3.9379256540881658
287TPxnK8f1NwCbdfxEdMg,3.9520503691255766
qRf05efS1jNesNm-vEnUHw,4.169155339663101
WB0wwSrnkOZoR6Sz17Ye1Q,4.0932985773063
3Gna7PixoEtv4kP9PLTF9w,4.017566634931698
xDIpYB6w6iAhftm4nx81yw,4.1044306470845155
7JC8xib5R57Iq-KyJwVe6Q,4.132427157059186
KfoVa8ZQkoOX19S4lUJV5w,4.098113336636638
PH_XKhHq51Igaz_nLDFPcA,3.9578158363641442
wrlV1EZrSMN4Cq7_Z4k82A,3.9341582969976203
lrfNEMAihjWMhk09_2k3Ew,4.310734158275781
y9JNKrGkCH5q220pRzF_RQ,4.057778092446212
AQsnohv1wyUwozPocnxWCw,3.942159369522669
PH33n41R4-e7ZhxvxwaegQ,3.9129589911581593
touyQ1qDUOUPwvrEblsFXw,3.911076656272799
Z3-6k8CW8L7EOWlWVCyGsg,3.9924585045478787
sNvsmBxeadCN8TVqs-FrfQ,4.039513339992327
gLs4Cy0ZX3vS914NuqUoRg,3.903946094893568
CfzAIdc2CWC_ni22IVBZ6Q,3.9570106001650114
9gFckkKv9IAGzKxdzajEKw,3.9509389113197964
AVi9d6igGZwObRP75SAVaA,3.941408987846996
WuDySlVwP90hlWXUjmB76g,4.02377807147327
WKV6xZ4l_jfqPHwBsNWKkQ,3.9066528402838707
Wu4pCk5vEAGEvyIoNOiffQ,4.156047169489464
OhA2fDkqRaKZmIMIbnozMA,3.9844738053261763
cR6PJ2ffUOV1qcLBT3rVaQ,4.251519866296964
8alS_UOie7x6C5PvoGHKSw,4.157730054122254
hf2v_rhOLE6OKThHstNW2A,4.473839910183882
OYK3lPWvvOArn06GnN4dQA,3.934651032786193
7po4gS-BXHssYOBNIZHS_Q,4.057185365885334
NeyfEc7Ek-rGHuyo6yLOIA,4.029491721676623
N4VNiJwok8L9vGCobs5duw,4.1270111675927605
5c8DLnu9sTG1NBek0Vx91g,3.9689417064811003
GzA6oeQkqlIk8quhgRmxmw,4.065344580468884
UK778PpHpADO-XDHoFw8mQ,4.025963529782748
rxsqpRNsckwY6dIWr-pKEw,4.077816609653143
QfMEs7k_iX0VNtjZXa6YxA,3.984809223960261
YCjieOWXmh-5eAVzjeM4eQ,4.044848289821294
5ZsT0IgkFTc2vvdYKWDz_g,3.9498668131434305
fLhXa4n3GswYkSUNcv3rIw,3.935237930605776
ssX6_O8oteVp3mpRk_xzWw,3.884929189838585
vw8A2aQzI0Qq4EpwSB0c1Q,4.019895361188764
8BjDLJwGP4WhHM6S6VNBgA,3.9349926571347202
q_H9UIm6RoGU3krrZI4MTQ,4.032006088687147
AthBTB1BSHw1rjVWKp-RPg,4.3707438786768655
K56AzPGfGgZuliqYLXgbGw,4.148072629248648
Ah5IKeXkbmxZw_FsXKHkNQ,3.9342892907373934
2vdoacpuFggZ68Wf5SoCHQ,3.9771782596713083
vedQdXmnMtb8FM52OG0WVQ,3.98902332098296
S9GJutx0is1absxmfkqJ0w,4.10976699651311
FpxeCjGRFGbqJnQtpSfP1A,3.951494534264394
KtMtfBmPK-SvmjBqw4nfBA,4.04285013353232
n02eQIOmtjK4Ur1B4452qg,3.8995099304849092
0jl8K_q0qfQ90gap-FJ2-w,3.9347207336285512
Xt-rTj7WnJUT4Si1sAIchw,4.178184571395611
6R8zRIGdsCnQPMO9NGoQVg,4.412863353364885
eTiBENCtRVJH4zq8_ahfnw,3.9803444918557003
IS0HTZPTyAyVuJCAU58GDQ,3.9556092211017067
lGG8wOxzIYxhdg_2lBcamQ,3.924309568942796
DNuCQR37bEqg7iAOObz7QQ,3.9009222021955274
mK4F5-tCjEH1jPhSCqO9ew,4.02427048191425
2e6zMvOiknzs9gEvjARO0g,3.9338098959649446
0fakdmVZAMKkN0WEnZGRVA,3.9345042816870333
Tf8fQnxKhzw-xTHmiviH6g,4.0168832306194515
hjpJ4jS5P-BG9p-3_ZwTCg,3.934405184160805
vtd9NFsBM4FqccazWtei9A,4.0000142463345885
Eb0BwIISAiTkq4dDez-GcQ,3.932296341790334
hKxHIU47dClf6Zp0cU-HeQ,3.9499603902595926
tu1mNiNwvz0xdsR4yM9t1g,3.9157849697318317
O9vCp54sdnNnH8Wh7SSjCw,4.171528130409651
qOjj6Yea_h9niiJxA8E99A,3.996095272371351
Fo7eWGi_SPFlaek9v6xTlg,3.9735667304411857
Z_andf1ld7uiqmr4TZjvsg,4.249252066353332
aH0r4c07Z5bKnhMka2TfQA,3.984291728256517
TbCZckdHwr-bldFmf4QODA,4.029300644895924
cv2ZamPmgs80WEqT0yp6xw,3.8980338848611535
UxROhxNcoUw25C6YYNZ4iA,3.898558968255756
o0HBR-he6S2JkyFLqpCwTQ,3.9712358215614842
MPwbv_ou4tEHTURjl5u8Kw,4.08799683936576
WwgwN40JX9sPFFJd4IFwyw,4.235919292125812
v0LfZ-QpWPAwedj2EQXS7w,4.1642311538697605
IpBKoD4fMMGeaPj44Lq7cg,4.184831621535664
Ld9pYuFS5OpI7S2fOnJjnA,3.954497904151004
sJIxjybhE7FNUEk-pDnKbQ,3.9398438375807774
2lZlvV9n8M4OAqBDTah5Lw,3.9332770588583847
nn6Qn79_Ilc7dp2Ri-4g0A,4.043639557354394
9-0NDDZouOnTrxnBXh1aIg,3.949795666268241
g1z0sck6h6N3k-ggj1Q2JA,3.9554569266985125
nqRGALYD7uHbT9r6xxLaTg,3.963177987364223
Y4VY2ChZi6QebVwR8qDl8A,3.9531910704968154
e3PKmNwpwcAm_j40wDC51g,3.9399389232017996
eaeN6KvKHJLxiyobE88qWA,4.199027773046941
IwVfKMl-6Cpa2dqrdlCe9w,4.359050987350536
53hnjE3M_wDNMbb8-xun7A,3.9351352874031824
uf4PDwe7gDYlFKGgnuhrFA,4.356957097207222
yEx-SzlYEfEyQrYq_zFfjQ,3.9333815386123265
74tr5E98KrkEDyk2A0P04g,3.9856829658503883
C_4VWIOt_9mDNuPWT4mUfA,4.0946628273443
BvQeZ8YrjlIbfZqdNQ31Kw,3.950143656361165
2gA8yUv5ytg2fReketWaTw,4.052033563614383
fQZEfy1gLRcX8vL7MzR_iQ,3.922487412233403
c7F41hJrNdRm6lnSbIqN0w,3.966334820617956
I7n6XkxrJ8IUfs8jMxTy3g,3.999746799777012
yZijtmsW0TkN1OOGF6D5OQ,3.96534394966016
6NaoUH4MojuAsaep5wkSCw,3.9703883552192965
8-CZNSxbPxV9GxHXfCdjew,3.9432085890405864
J-AFr00q3Hfb2UMRnW3woA,3.938301384743399
pMzDdniDA-P2FE3cI2qGgw,3.9636294495725437
P1RIx9ZKYEr6SH3aM_u1lA,3.9024197133938747
Fa1E1355Rp2ox0oHPGxFyw,3.987085642820236
WQnJPtHqdXvYluZ92qHhMg,4.105451884470644
dyfXwPyFRprCAD0AaxChGQ,4.046691344572242
E8mhcOWtNaXbDXRznChFQg,3.9323432612317215
418tCeJ9_a06CDzXSlJ2Ig,4.088440382154823
JtB9Dk2qGeN24Zx56EVSyw,3.946501172642345
1IOZfQYXptz3gzFZ1QwJLw,3.932884734562526
_jDAG_VcmvnnbCUuR0fCWw,4.118348711335691
ojtnQkgTpU2sxW8-gy-cnQ,4.052453852105477
8-LRNkd2TpJq9h5uiXaNDA,3.9440562077645707
Dv-uuACc-QnKPx_kRl8iZw,4.091707342418932
205k7Ks7IrYy7tbQ5mzX_w,3.9007730366913904
xm7LWZObmj13JMHnJBBfKA,3.9878211182779433
Z7A_9ajcnqqtJdqHEHgA0Q,4.139742738559109
XYsEHUme1fWhA0pOnWQBXQ,4.008404786550332
Gdj3GxinkEL2VP_N9ExEfg,3.9857664228298084
602P6IFyZQX8a5DFsF9QCw,3.94513538377564
i1mg668vuEXGunqvUBIPlQ,3.9198082598884882
53exDoJCexAizBbOYQPbbw,3.923861295106069
rUY-8llZO668QFi01O8lqg,3.9346762512286997
bIkNGK2U4q0G0Kk8Y3NWrQ,3.905359120869006
K8uIdXUCqek4MFtigWirGg,4.503377240660409
d6m-mBwGrwYBygTiJLqzww,4.003454539401863
mE-PXiUQhKBXChX4sekqzw,3.938916504675881
TCtXqMawm60qgeauhZ-elg,4.0640421609878
xpNOCM-KYOBg-OYsvMU3Ng,4.268354250061862
1ybCOSqqIbaAJKaO2dePDA,3.9782974118172123
74dXFlp9trwdoROraFx1uw,3.982388606800231
RLf166wnSRqcYwvlIe_AUw,3.9361130890996874
loYfwwHawAEzA221Bp5wbQ,4.00527677805635
QJVDUkGEIwqGGwOC_Dzd6Q,3.921121034907808
dQjXot5F9LRl0KcsF27ILA,3.9517267452399594
I-IAsEfmSybOp-tzZJhtCQ,3.9358443797177514
sdFACeNJZT1cN3446WXzyg,3.972393345105928
Hs0H1zUSVqUhNgu4xElVlw,3.939803203159076
9WJ7BcktCpYOVfamx2CIOw,4.054958735938092
2BZAdixfwxmQ2EsC-vuUJw,3.9337663198614528
pQz-YPXrVCHiO_14-vyusQ,4.064799153882125
QvJxop2oFnWMIbjHJN1qTQ,3.9428970109323878
NfyQ2Iyf4VOLQbZF4xQ09A,4.009571387101753
nxNnLDAfaeiJAhMAR2dN6w,3.935548134620135
HTNlMwVkHL9We_wYSz_F3w,3.9096594449629243
XWQScN84u5B6uDZypZYZnQ,3.931155904567465
RTcaFgm8WZ85pkoarbpV9A,3.941058307924793
wDPlJVvtWrz5vM5WqZ3oUw,3.883130691134486
CGBn4lanwZYvKgo6rCPq0Q,3.9357806459032547
kb9jgbkCMcaP2MWjpsQv-Q,3.952279739735781
5EjS1Y5OPqtfOfmLOZZvcg,4.001534478465819
Wm5bdgDuAqvd36kZscT_LQ,3.957826853998713
9DJUcNWCrzUYryQs0ZrH0Q,3.8940567657959497
FHqpP6bMMXarBS__MmJhYA,3.9647002649529752
Y2AOMbQ99Igl_kfnwwuOxQ,3.943010976152064
kZ-lW1yWzkDdGyYTgd1K8g,3.960815887318953
c-rTnZ40g2VETRDNG3M2RA,3.9383151881624032
-8Eq6f-xRZ8yLPhqO2UW0Q,4.0553230229273005
o2mUFo3R1KizUtaie3akaQ,3.928559334113195
A3iD0BXYCMVKF6L0I8Q9Vg,3.949306989818921
iWm8zj2m7ca5bs9wIUXyTg,3.949235920999158
ISOeK57tTgGfVpkpmiwOVQ,4.000222866853349
aUsLsFQ7mFgPE2rRmIm_vA,3.941014943978636
6_lpFX7kT7Sq3U0d1y-bjA,3.9344379622216503
S6jEAHOxdsN8BL0KWfLCfw,3.9334206850934517
4-_2LtA2nCAMO6JKAjbQ6A,3.9353251003311533
M6iT-pipSfpsaTf3PELScw,3.9715891274301685
LDUPESYozVpbsOf1KqG6xQ,3.9306235627701946
1HsxBsXK0DkmN0GO2yDIEA,3.941426475989226
EIbw597k7LXlfBE6lJGw_w,3.9462020950331977
Uic88Tf1DvJCJpCYFvQQhQ,4.215432554260656
avPjz7p1wEYjX7pxJzWd8Q,4.150550476692604
TY2LyJUtlunStMe2U7ZgWA,3.9382480652589393
j7owgs9hFz8gISu8mXIZhg,3.947101533192696
zufTGJhYiTjh3NkcPG55UA,4.08046086595567
YrwvRRg3VtljGVETA6TTfg,3.9951549140499125
x6waPHelhZR5ja-S5CbJNw,4.173345386537672
Aj_stRrHE2JkMi71HjTiow,4.093876443973825
G4-OaGrCPolFsJPZZtXqlQ,4.07184463986635
b89w3GnguBkwHjOuS1ApvA,3.9203122787838915
UUHE2eqWvnbqTT2pIaTGUw,3.9769618225399137
2LgzCg7uEh0HcMAjjlbFKA,3.9420941128536273
sRjQUXIeKpI4O_4MZwKgZQ,3.942122395083394
xNLcrV-t3HYAPnVyJ6McQQ,3.9861862361861964
_SaF4nqSMsPiZlr5vlEXDQ,3.950775338457537
Zlpthtn11XU0pQ0IIChsbA,3.9191625385525746
tdGDqcBKnc_R0yNbydD9eg,4.121159878872421
1F5853udo_1UR9xXMr0R-w,3.970640786393837
drVIi3WoWkptLHYkgRNF6g,3.953425908931505
e5JxnR405yPRaZCOIb2PEA,3.9411028217445723
8BgqHiLh945jmQ5DFymcSQ,3.9077158955734195
s3oXYk7IfO2H5lZKZ4BE9A,3.9390075884749627
oeAVJg_Roxy-6d8tKWFm2A,3.9514657662587425
EmDFAEjOhmIcyjAA4975tA,3.9220724656417056
HU3w_R8HkI9V0_Qx8OEenA,4.068172153701416
xFWlkjKB6ps_lJ3wmSEdhw,4.0108407847181
L0YrvmhLM2N8teNOCSO_xA,3.9772425027382208
JheNgqJ5hJLC5UxAr1EVDQ,4.200325255751944
w_h2Jdxpvppfwibz10m1bw,3.918893385409776
pxPsStX7Njo-If8cl2eykQ,4.413269865198917
tJjBewlnu1AopXXnhPMo1A,3.9394809082862414
jCTzxnBO3sr-BSLS-Nz5Cw,4.006077524099833
KBsp6ooaXHdQ2tSoN6ybOw,3.942398287258271
X0MgDUtPif-Q9Xp-SZPTiQ,3.905447711166421
6Ekqzs5EvF6O4B86Q6WS9Q,3.9312506853008236
TECcRoTXgETX1nR-eGCx5w,3.9552614947264635
3Ra5dvUEt2P7zFZMidTFTg,3.979481302734705
tXZqACFWDD8ZCJXNzifynA,3.925285968908323
4d_Zivep6PmofLc-poLHhA,3.9538294246135033
wiWjg4m-15iK_KxOkX-thA,3.9660875962571915
kQTe6AtNhJyzstUulQGOgA,3.945424908414323
aWnY7w0UfdnSMLvZLepuew,4.197999969832617
9rfpTikI3Is_Vh-Y68Q7OA,3.9913087847098345
l8cmckvvXK5rQy6g-aYH5g,3.982003572911522
BkVTXy36MvUiStpY_KFp7w,3.9343257077467126
TOcmjbjzj7SOb_CsJ-Vfkg,4.068692684792215
7Ez_rGYfo1VwUjUJgSBnBQ,3.950996793172097
VMeuDdpTDLI0TdvHs42xOw,3.958489806814217
YamSGsq8GkIVvjQZ7mZ2Tg,4.063894452432788
_ydalqe2lK668a9TvVLwMw,3.9394061133437894
ftcxyOlOY2v1S4OBTvBI4g,3.9823140796352967
omCJgboHFtgPTgTzNIZaSA,4.0365454903939675
aiePceRBzHtBCm5FKsdDww,3.9385128435347
Sl9YyzEAhnIV80DQyhghsg,3.9492867927320296
88fxDzh8sjE_reId_8VGsA,3.9818705034361113
y0NdxMkxsnOKfL6d7RYqdA,3.992457160916433
JVFEUX_lSZwabTfqQPnSHA,3.9523355576546337
9ClV-bt8GZkiNkfJpFXkgA,4.126955513609017
plwE1nzPnJ37lMbknd9-QQ,3.9354981686634787
z6m3LUYPKb6SxJzsN4sM1A,3.9376174068352956
p2U-NF5yjA4QtR0znYnuEA,3.979803405545825
CHoF1CHqgQvp1_hxm3_0jw,3.9711163626936843
wAZPCbhkaj-i8g48XN1ImQ,4.008371292100718
sWsagvqITr_NmKizA50jVg,3.9741368715231356
Sip5qyHOMl_KrALOUAesSQ,3.943399666650983
Fk9Frw5kzRLnpF_LDiH0Ew,4.3874362936783875
G1-tVLueu8nzeW0BlnehyA,3.954567447425381
UqWJhS-TNKis9VjZnhavWQ,3.9737243366323796
02FNdMa8xQ8lcOO3iQTEgw,3.9538213429246816
V7PrgUVTPfhpP7pwb642lQ,3.9840057474256465
vUWlOVBLri6znIFF_A4HnQ,3.925051886778839
dXiWxQNX1T0I_DaaKfT1eQ,3.960602810683373
JhF5bZG9VqsK-TzR6VNWXw,4.397204388533345
AWDl2DpS0j15beTYdMrVYA,4.046014241328712
OVyc6AHK61N2mmN-nNVKIA,3.978493450139547
zR--YinF8dj9oIa6ZZ2Mew,4.110811530600327
vmFrKns3SpVMV_Oz_ZuYRQ,3.9875868486489994
-lT0ONvtQjnUTlx_0EiZ6g,4.04078716207722
8vWU63GQT_nQbyQKp7OCtA,4.06188297663542
-nwPooQuvyri3wFhB3RyPA,3.9616680517327856
cU6fvWeqZn1IK_HWSsotVQ,3.9313103201202417
n69LY3dQMjDs5FsclcJvPA,3.9755899802789427
uAkcHcKEqbWaEB_enFuSgw,3.9515780789578296
7ADowiMH9qBCYuy0t8ofZw,3.961780200895695
GF-X7Tqd755K8vUp3__u8Q,3.8462073960807754
JI-cA757S5vXE5wrRKNrEw,3.934626028471384
3LisN9OJPgERvWiBabzSrQ,3.9192686873702547
NhfWxU5j_amuHI0pYlrAMQ,4.033895126987039
C3wnAoqSHRX6ij-rpYyfIQ,3.9362354374545756
cknZ6CCJX8oYVDifjCZXfw,4.076440840234711
WifLAaiEPrZtEOYeqfHyaA,4.057210662620354
lstgxhO0aO2kfhMBpZSnbg,4.033975603821601
GsnNpLYZeaHJ4KpHIGbo_w,4.026689481647473
kMnjQJRVoE9nvZyX23DKSQ,3.9654255557191274
QlcadcMJKOE30rJCZJEaIQ,3.9596674723373466
Kmd2QvD0mWC8CSZo4JRI5A,3.9700559512578835
2LUqqVGt39P4Xf-mYT886g,4.0247737840503754
3QwbRorrNhvf_-gKy4I_iw,4.352791283538584
aEnyeI-squOWW2lM3NvKwQ,4.185164569026186
BIPP_nzxaRqi3hVeR39j4g,3.947231447811244
TKRB-o1Y_3j29u8FZkDY0A,3.902089937438118
0ABRVEX8nuGiIGtmMg96jA,3.949069809581948
2JMDaYRCGqwPzm8ZcbyhOw,3.982520853687658
FAZh-T855ieUt3AWhquEjA,4.075180767460997
QYSCV3P-SMp4FNORInQP_g,3.9919629400226015
qkPDdZEyJ99kuHz9o2ozCQ,3.9499424374003675
6umj5T6lLRpIGcS0Fdi7kA,4.056538109271588
WhTs9kBqihRh5iSrcuEiJQ,3.964614366346028
_cyoaL8R2scw_mBZrOmL5Q,3.9460207102290465
l8jlwyjYtGaYp4AZ_BPFQA,3.936444669265289
KtK_hSDu9fySZxPEl4GeMQ,4.004311551085609
il6Dp02oPTU1eNnc29ZsnQ,4.018267829284099
eTVcmSArI8CLiEGsldZOqg,3.8488978373111316
GubZlwwK4itmmdbK7IH7Bw,4.017256880433088
Ux_Pp7Lwq8h1QDls0kjPRg,3.9663595521788073
n-JpG7Ip0f_RswwaG3csSg,3.9583853711213512
l4hsWhCaimRtNXHgpc9luw,3.985001876966074
Hx1QW6pzYwCZro1VP6K1DQ,4.003379728711409
JGCLAsCRMyuxey2c5YD4sw,3.964950331564771
0YGOX1LqJP9ZyzPGmQe8jA,3.967277073801881
IEY7WTkZcBZ1glck86n9Kg,3.944969362842221
5yik6QU3oox_ZJxGGy0FJQ,4.042846339308202
YuZ0WEttoktHc_FfjhooUg,3.952360567934297
h20pzVmV8v38ce80h6i28Q,4.039307937893369
paoKvCKfi2Wbs1WBrijRBw,4.050806011012309
KztgkhZw8lxzPlf22MQ8Og,3.9735131601589155
rpj_6e4S5dxKMWJv8hnSKg,3.997580352936468
vHUG69xQhKubq58x-9OmBA,4.055135760054828
XA4JOq96-oT2n4G5EjPXQA,4.013940566187429
7rNoP7PdtPOIySXOZapdbg,4.011677178344796
ec1J1sOTDJD276nvgy7wyA,3.9022031059794964
uE2rR5dcslr0ScGi0JXeSQ,3.9102533657147003
GbTo6GLtcjMLWe1-hzdyXQ,3.9384588337774766
ikZDdaV35N5CroVqnYkMog,3.9328492121791547
TDPo4YEVrlBL7s4eZsIyGg,3.824851551580746
UIFmt1puhn0PMe153O06Gg,3.9490490638394067
I0glQXxkzYdUhl1OTmrJMQ,3.927618297497408
